{
    "key": "group_eveniment_details",
    "title": "Detalii Eveniment",
    "fields": [
        {
            "key": "field_data_eveniment",
            "label": "Data eveniment",
            "name": "data_eveniment",
            "type": "date_picker",
            "instructions": "Data la care a avut loc evenimentul",
            "required": 1,
            "display_format": "d F Y",
            "return_format": "Y-m-d",
            "first_day": 1
        },
        {
            "key": "field_importanta",
            "label": "Importanță",
            "name": "importanta",
            "type": "select",
            "instructions": "Cât de semnificativ este acest eveniment",
            "required": 0,
            "choices": {
                "high": "Înaltă",
                "medium": "Medie",
                "normal": "Normală"
            },
            "default_value": "normal",
            "return_format": "value"
        },
        {
            "key": "field_galerie_imagini",
            "label": "Galerie imagini",
            "name": "galerie_imagini",
            "type": "gallery",
            "instructions": "Imagini asociate acestui eveniment",
            "required": 0,
            "return_format": "array",
            "library": "all",
            "min": 0,
            "max": 10,
            "insert": "append",
            "preview_size": "medium"
        },
        {
            "key": "field_carti_asociate",
            "label": "Cărți asociate",
            "name": "carti_asociate",
            "type": "relationship",
            "instructions": "Cărți din colecție legate de acest eveniment",
            "required": 0,
            "post_type": ["carte"],
            "filters": ["search"],
            "return_format": "object",
            "min": 0,
            "max": 10
        }
    ],
    "location": [
        [
            {
                "param": "post_type",
                "operator": "==",
                "value": "eveniment"
            }
        ]
    ],
    "menu_order": 0,
    "position": "normal",
    "style": "default",
    "label_placement": "top",
    "instruction_placement": "label",
    "hide_on_screen": "",
    "active": true,
    "description": "Câmpuri personalizate pentru evenimentele din cronologie",
    "show_in_rest": 1,
    "modified": 1704456000
}
